lowercased,expand_contraction,remove_punctuation,remove_stopwords,remove_non_english,remove_digit,correct_spelling,replace_short_form_slang,lemmatization,train_f1_score,train_MAE,train_acc,test_f1_score,test_MAE,test_acc
False,False,False,False,False,False,False,False,False,0.5010591480972915,0.9675609475178916,0.5024323996430253,0.3696178625910303,1.2193102135182918,0.367837032091622
True,False,False,False,False,False,False,False,False,0.4928161157616818,0.9796531941732032,0.4957250355779353,0.3411591033245472,1.2830787763394862,0.3413578543492864
False,True,False,False,False,False,False,False,False,0.4973235184511435,0.9579523873499848,0.5014276028666551,0.3776724320241905,1.222982596260442,0.3752309714855614
False,True,True,False,False,False,False,False,False,0.4969149309340525,0.9590243209874562,0.501165479668752,0.365238031839017,1.2440352278393896,0.3647046556960878
False,True,True,True,False,False,False,False,False,0.5355366596978607,0.8217142968101232,0.5353088623391564,0.3453274936885042,1.1956472600340409,0.3415548302280248
False,True,True,True,True,False,False,False,False,0.5428763706991212,0.802870894401174,0.5441693458947477,0.3097404336362306,1.213711841865199,0.3129136298600908
False,True,True,True,True,True,False,False,False,0.5401572160241171,0.8103601869619123,0.5421320381647634,0.3192134588531862,1.2405673983688033,0.32242775901618453
